[
    {
        "id": 1,
        "name": "Silver Laptop",
        "price": 200,
        "original_price": 250,
        "rating": 4.5,
        "reviews": 100,
        "description": "High-performance silver laptop perfect for work and entertainment",
        "image_placeholder": "laptop",
        "category": "electronics",
        "in_stock": true
    },
    {
        "id": 2,
        "name": "Smart Watch",
        "price": 50,
        "original_price": 80,
        "rating": 4.8,
        "reviews": 69,
        "description": "Advanced smartwatch with health monitoring and notifications",
        "image_placeholder": "watch",
        "category": "electronics",
        "in_stock": true
    },
    {
        "id": 3,
        "name": "Smartphone",
        "price": 299,
        "original_price": 399,
        "rating": 4.3,
        "reviews": 150,
        "description": "Latest smartphone with advanced camera and performance",
        "image_placeholder": "phone",
        "category": "electronics",
        "in_stock": true
    },
    {
        "id": 4,
        "name": "Wireless Headphones",
        "price": 79,
        "original_price": 120,
        "rating": 4.6,
        "reviews": 85,
        "description": "Premium wireless headphones with noise cancellation",
        "image_placeholder": "headphones",
        "category": "electronics",
        "in_stock": true
    }
]
